1;"Termo de Operação de Crédito";
2;"Termo de Transferência de Recursos";
3;"Termo Aditivo";
4;"Termo Aditivo";
5;"Solicitação de Renovação de Licença";
6;"Dispensa de Licença";
7;"Licença";
8;"Edital da licitação";
9;"Propostas";
10;"Impugnações e recursos";
11;"Contrato";
12;"Relatórios de execução do empreendimento";
13;"Relatório de execução";
14;"Fotos";
15;"Outros";
16;"Edital de abertura do concurso";
17;"Edital de convocação para prova prática";
18;"Edital de nomeação";
19;"Edital de convocação para treinamento";
20;"Projeto Básico";
21;"Projeto Executivo";
22;"Proposta vencedora, com planilha de custos";
23;"Ata da Sessão de julgamento do processo licitatório";
24;"Anotação de Responsabilidade Técnica - ART";
25;"Registro da obra no INSS";
26;"Cronograma físico-financeiro atualizado";
27;"Atestado de recebimento definitivo";
28;"Nota de emprenho";
29;"Relatório de auditoria do controle interno";
30;"Termo de Contrato";
31;"Atestado de recebimento provisório";
32;"Relatório de Medição";
