1;1;"10.2.1596.1";24/11/2010;"2762438";24/11/2010;15/12/2025;2;110;"Financiamento no valor global de R$ 392.952.860,00, divido em dois subcréditos.
O subcrédito específico para o empreendimento/ação "Construção da Arena Multiuso Pantanal" (Subcrédito "B") é de R$ 337.900.362,00 (valor atualizado até o 3º Termo Aditivo). Somente este subcrédito está declarado neste empreendimento/ação.
O Subcrédito "A" é do empreendimento/ação "Adequação Viária e Obras de Acessibilidade à Arena Multiuso Pantanal".";"Vinculação em garantia de parcelas ou quotas-parte do Fundo de Participação do Estados e do Distrito Federal - FPE e do IPI-Exportação";285393900.00;0.00;TRUE;3;4;285393900.00;;FALSE;
2;1;"10.2.1701.1";07/12/2010;;07/12/2010;15/12/2025;2;120;"Apoiar os investimentos na reforma e adequação do Complexo da Arena do Castelão";"Vinculação em garantia de parcelas ou quotas-parte do Fundo de Participação do Estados e do Distrito Federal - FPE";351545150.00;0.00;TRUE;4;4;351545150.00;;FALSE;
3;1;"11.2.0843.1";14/10/2011;"3314348 ";14/10/2011;15/10/2026;2;136;"Apoiar os investimentos na construção da Arena das Dunas
Dois subcréditos:
Subcrédito A: R$ 337.086.000,00
Subcrédito B: R$ 59.485.000,00";"Cessão Fiduciária de Direitos Creditórios do Contrato de PPP; Contrato de Suporte da OAS Eng. Part. S.A. até o pagto da 48ª contraprestação e penhor das ações da SPE";396571000.00;0.00;TRUE;6;4;396571000.00;;FALSE;
4;1;"11.2.0048.1";22/02/2011;"2773573";22/02/2011;15/03/2026;2;119;"Financiar a contrapartida pública às obras de construção da Arena multiuso da Copa 2014 no estado de Pernambuco";"Vinculação em garantia de parcelas ou quotas-parte do Fundo de Participação do Estados e do Distrito Federal - FPE";400000000.00;0.00;TRUE;7;4;400000000.00;;FALSE;
5;1;"11.2.0269.1";24/08/2011;"2762418";24/08/2011;15/03/2026;2;139;"Empréstimo-Ponte, para viabilizar a implantação da arena multiuso da copa 2014 no Estado de Pernambuco.";"Garantias reais e fidejussórias (contrato de suporte).";280000000.00;0.00;TRUE;7;4;280000000.00;;FALSE;
7;1;"10.2.1763.1";29/07/2011;;29/07/2011;15/08/2026;2;115;"Contrato de financiamento destinado à reforma e adequação do Estádio Mário Filho - Maracanã (o "Projeto"), no âmbito do Programa BNDES de Arenas para a Copa do Mundo de 2014 - BNDES - ProCopa Arenas.";"A União Federal prestará garantia a ser formalizado em documento separado e mediante o oferecimento de contragarantias pelo beneficiário do crédito.";400000000.00;0.00;TRUE;50;4;400000000.00;;FALSE;
8;1;"11.2.0816.1";14/10/2011;;14/10/2011;15/10/2026;2;233;"Crédito no valor global de até R$ 400.000.000,00 (quatrocentos milhões de reais), limitado a 70% (setenta por cento) do custo total da Reforma e Adequação do Estádio Governador Magalhães Pinto (Mineirão)";;400000000.00;0.00;TRUE;1;4;400000000.00;;FALSE;
9;1;"10.2.1682.1";29/12/2010;;29/12/2010;15/01/2026;2;114;"Crédito no valor de R$ 323.629.000,00, limitado a 75% do custo total do projeto da Arena Fonte Nova, destinado a viabilizar a demolição e reconstrução do Estádio Otávio Mangabeira - Arena Fonte Nova, no âmbito do BNDES ProCopa Arenas.";"A União Federal prestará garantia fidejussória mediante o oferecimento de contragarantias pelo Beneficiário.";323629000.00;0.00;TRUE;141;4;323629000.00;;FALSE;
10;1;"0318.936-38/10";30/06/2010;;30/06/2010;30/06/2013;1;129;"Emprestimo no valor de R$ 210.000.000,00, sob a forma de financiamento concedido pela CAIXA, lastreado em recursos do FGTS, repassados pela AGENTE OPERADOR a CAIXA, equivalente a 95%, do valor do investimento de R$ 221.052.631,58, nas condições estabelecidas no Programa Pró-Transporte, observadas as condições estabelecidas neste contrato.";"Vinculação de receita do estado/município";210000000.00;11052631.58;TRUE;146;4;221052631.58;;FALSE;
11;1;"0318.929-45/10";30/06/2010;;30/06/2010;13/10/2012;1;129;"Emprestimo no valor de R$ 55.000.000,00, sob a forma de financiamento concedido pela CAIXA, lastreado em recursos do FGTS, repassados pelo AGENTE OPERADOR a CAIXA, equivalente a 95% do valor do investimento de R$ 57.894.736,84, nas condições estabelecidas no Programa Pró-Transporte, observadas as condições estabelecidas neste contrato.";"Vinculação de receita do município";55000000.00;2894736.84;TRUE;139;4;57894736.84;;FALSE;
12;1;"12.2.0186.1";09/04/2012;"2874386";09/04/2012;15/04/2020;2;254;"Ampliação e modernização do Mar Hotel Recife e modernização do Hotel Atlante Plaza e do Summerville Beach Resort";;31987000.00;1470418.00;TRUE;180;4;33457418.00;;FALSE;
13;1;"0318.935-24/10";30/06/2010;;30/06/2010;13/06/2012;1;129;"Emprestimo no valor de R$ 50.000.000,00 sob a forma de financiamento concedido pela CAIXA, lastreado em recursos do FGTS, repassados pelo AGENTE OPERADOR a CAIXA, equivalente a 95% do valor do investimento de R$ 52.631.578,95 nas condições estabelecidas no Programa Pró-Transporte, observadas as condições estabelecidas no contrato.";"Vinculação de receita do município.";50000000.00;2631578.95;TRUE;144;4;52631578.95;;FALSE;
14;1;"4.002.197/3";16/06/2011;"2994114";16/06/2011;15/07/2021;2;259;"Implantação de um hotel em Aparecida (SP)";;32500000.00;19407782.80;TRUE;185;4;51907782.80;;FALSE;
15;1;"10.2.1839.1";13/01/2011;"2078286";13/01/2011;15/01/2021;2;261;"Implantação do Hotel Ibis Botafogo";;20323000.00;12371000.00;TRUE;181;4;32694000.00;;FALSE;
16;1;"10.2.0900.1";31/08/2010;"2357796";31/08/2010;15/09/2020;2;262;"Reforma do Hotel Glória";;142000000.00;105919000.00;TRUE;183;4;247919000.00;;FALSE;
17;1;"11.2.1122.1";29/11/2011;"2599971";29/11/2011;15/12/2021;2;263;"Implantação do Hotel Ibis Natal (RN)";"Garantias reais e fiança";10000000.00;7856823.94;TRUE;179;4;17856823.94;;FALSE;
18;1;"11.2.1205.1";20/12/2011;"2887621";20/12/2011;15/01/2022;2;264;"Implantação do Hotel Sotero Salvador (BA)";"Garantias reais e fiança";13921000.00;11754000.00;TRUE;184;4;25675000.00;;FALSE;
19;1;"10.2.1371.1";20/12/2010;"2148225";20/12/2010;15/01/2021;2;265;"Implantação do Hotel Ibis Copacabana";"Garantias reais e fiança";11645000.00;5962000.00;TRUE;182;4;17607000.00;;FALSE;
20;1;"0318.928-31/10";30/06/2010;;30/06/2010;13/03/2014;1;129;"Empréstimo no valor de R$ 146.000.000,00 sob a forma de financiamento concedido pel a CAIXA, lastreado em recursos do FGTS, repassados pelo AGENTE OPERADOR a CAIXA, equivalente a 62,53% do valor do investimento de R$ 233.500.000,00 nas
condições estabelecidas no Programa Pró-Transporte, observadas as condições estabelecidas neste contrato.";"Vinculação de receita do município.";146000000.00;87500000.00;TRUE;138;4;233500000.00;;FALSE;
21;1;"0318.931-88/10";30/06/2010;;30/06/2010;13/07/2012;1;129;"Empréstimo no valor de R$ 30.000.000,00 sob a forma de financiamento concedido pela CAIXA, lastreado em recursos do FGTS, repassados pelo AGENTE OPERADOR a CAIXA, equivalente a 95% do valor do investimento de R$ 31.578.947,37 nas
condições estabelecidas no Programa Pró-Transporte, observadas as condições estabelecidas no contrato.";"Vinculação de receita do município";30000000.00;1578947.37;TRUE;140;4;31578947.37;;FALSE;
25;1;"0318.932-92/10";30/06/2010;;30/06/2010;13/01/2013;1;129;"Empréstimo no valor de R$ 72.000.000,00 sob a forma de financiamento concedido pela CAIXA, lastreado em recursos do FGTS, repassados pelo AGENTE OPERADOR a CAIXA, equivalente a 67,78% do valor do investimento de R$ 106.220.000,00 nas condições
estabelecidas no Programa Pró-Transporte, observadas as condições estabelecidas no contrato.";;72000000.00;34220000.00;TRUE;142;4;106220000.00;;FALSE;
30;1;"0318.926-13/10";30/06/2010;;30/06/2010;13/11/2013;1;129;"Empréstimo no valor de R$ 382.250.000,00 sob a forma de financiamento concedido pela CAIXA, lastreado em recursos do FGTS, repassados pelo AGENTE OPERADOR à CAIXA, equivalente a 64,99% do valor do investimento de R$ 588.184.777,20, nas condições estabelecidas no Programa Pró-Transporte, observadas as condições estabelecidas no contrato.";"Vinculação de receita do município.";382250000.00;205934777.20;TRUE;51;4;588184777.20;;FALSE;
31;1;"0319.197-16/10";08/10/2010;"0319.197-16/10";08/10/2010;23/09/2033;1;120;"Empréstimo no valor de R$ 170.000.000,00 sob a forma de financiamento concedido pela CAIXA, lastreado em recursos do FGTS, repassados pelo AGENTE OPERADOR à CAIXA, equivalente a 64,03% do valor do investimento de R$ 265.500.000,00, nas condições estabelecidas no Programa Pró-Transporte, observadas as condições estabelecidas no contrato.";"FUNDO DE PARTICIPACAO DOS ESTADOS - FPE";170000000.00;105448557.93;TRUE;200;4;275448557.93;;FALSE;
35;1;"0319.142-59/11";29/12/2011;;29/12/2011;21/05/2033;1;131;"Empréstimo no valor de R$ 21.600.000,00 sob a forma de financiamento concedido pela CAIXA, lastreado em recursos do FGTS, repassados pelo AGENTE OPERADOR à CAIXA, equivalente a 51,92% do valor do investimento de R$ 41.600.000,00, nas condições estabelecidas no PROGRAMA PRÓ-TRANSPORTE, observadas as condições estabelecidas no CONTRATO.";"FUNDO DE PARTICIPACAO DOS MUNICIPIOS - FPM / OUTROS";21600000.00;20000000.00;TRUE;210;4;41600000.00;;FALSE;
36;1;"0319.148-13/11";29/12/2011;;29/12/2011;21/05/2013;1;131;"Empréstimo no valor de R$ 23.700.000,00 sob a forma de financiamento concedido pela CAIXA, lastreado em recursos do FGTS, repassados pelo AGENTE OPERADOR à CAIXA, equivalente a 70,33% do valor do investimento de R$ 33.700.000,00, nas condições estabelecidas no PROGRAMA PRÓ-TRANSPORTE, observadas as condições estabelecidas no CONTRATO.";"FUNDO DE PARTICIPACAO DOS MUNICIPIOS - FPM / OUTROS";23700000.00;10000000.00;TRUE;212;4;33700000.00;;FALSE;
37;1;"0319.149-27/11";29/12/2011;"0319.149-27/11";29/12/2011;20/03/2033;1;131;"Empréstimo no valor de R$ 19.600.000,00 sob a forma de financiamento concedido pela CAIXA, lastreado em recursos do FGTS, repassados pelo AGENTE OPERADOR à CAIXA, equivalente a 56,65% do valor do investimento de R$ 34.600.000,00, nas condições estabelecidas no PROGRAMA PRÓ-TRANSPORTE, observadas as condições estabelecidas no CONTRATO.";"FUNDO DE PARTICIPACAO DOS MUNICIPIOS - FPM / OUTROS";19600000.00;15000000.00;TRUE;213;4;34600000.00;;FALSE;
38;1;"0319.199-34/10";08/10/2010;"0319.199-34/10";08/10/2010;23/09/2033;1;120;"Empréstimo no valor de R$ 33.200.000,00 sob a forma de financiamento concedido pela CAIXA, lastreado em recursos do FGTS, repassados pelo AGENTE OPERADOR à CAIXA, equivalente a 94,86% do valor do investimento de R$ 35.000.000,00, nas condições estabelecidas no PROGRAMA PRÓ-TRANSPORTE, observadas as condições estabelecidas no contrato.";"Fundo de Participação dos Estados - FPE";33200000.00;1800000.00;TRUE;214;4;35000000.00;;FALSE;
39;1;"0319.628-24/10";20/09/2010;;20/09/2010;20/11/2031;1;110;"Empréstimo no valor de R$ 31.000.000,00 sob a forma de financiamento concedido pela CAIXA, lastreado em recursos do FGTS, repassados pelo AGENTE OPERADOR à CAIXA, equivalente a 95,00% do valor do investimento de R$ 32.631.578,94, nas condições estabelecidas no PROGRAMA PRÓ-TRANSPORTE, observadas as condições estabelecidas no contrato.";"Fundo de Participação dos Estados - FPE";31000000.00;1631578.94;TRUE;151;4;32631578.94;;FALSE;
40;1;"0319.129-88/11";01/11/2011;;01/11/2011;04/04/2033;1;12;"Empréstimo no valor de R$ 98.000.000,00 sob a forma de financiamento concedido pela CAIXA, lastreado em recursos do FGTS, repassados pelo AGENTE OPERADOR à CAIXA, equivalente a 95% do valor do investimento de R$ 103.157.886,72 nas condições estabelecidas no Programa Pró-Transporte, observadas as condições estabelecidas no contrato.";"FUNDO DE PARTICIPACAO DOS ESTADOS - FPE / FUNDO DE PARTICIPACAO DOS MUNICIPIOS - FPM";98000000.00;5157886.72;TRUE;150;4;103157886.72;;FALSE;
42;1;"0319.910-59/11";26/12/2011;;26/12/2011;21/05/2033;1;119;"Financiamento de R$ 71.000.000,00 para implantação do transporte rápido por ônibus no Corredor da Via Caxangá até o Terminal de Camaragibe.";"Fundo de Participação dos Estados – FPE.";71000000.00;4000000.00;TRUE;207;4;75000000.00;;FALSE;
43;1;"0319.912-77/11";26/12/2011;;26/12/2011;18/11/2032;1;119;"Financiamento de R$ 15.000.000,00 para a construção do Terminal de Cosme e Damião.";"Fundo de Participação dos Estados - FPE";15000000.00;800000.00;TRUE;209;4;15800000.00;;FALSE;
44;1;"0319.914-95/11";26/12/2011;;26/12/2011;20/06/2033;1;119;"Financiamento de R$ 162.000.000,00 para implantação do transporte rápido por ônibus no Corredor Norte Sul no trecho Igarassu/Joana bezerra/Centro do Recife.";"Fundo de Participação dos Estados – FPE.";162000000.00;18890000.00;TRUE;206;4;180890000.00;;FALSE;
45;1;"0319.916-13/11";23/12/2011;;23/12/2011;20/06/2033;1;119;"Financiamento de R$ 99.000.000,00 para a implantação de obra viária do Ramal Cidade da Copa.";"Fundo de Participação dos Estados – FPE";99000000.00;81000000.00;TRUE;205;4;180000000.00;;FALSE;
46;1;"0319.119-63/10";23/09/2010;;23/09/2010;23/03/2033;1;128;"Empréstimo no valor de R$ 62.500.000,00 sob a forma de financiamento concedido pela CAIXA, lastreado em recursos do FGTS, repassados pelo AGENTE OPERADOR à CAIXA, equivalente a 95% do valor do investimento de R$ 65.789.473,68 nas condições estabelecidas no PROGRAMA PRÓ-TRANSPORTE, observadas as condições estabelecidas no CONTRATO.";"Fundo de Participação do Município - FPM";62500000.00;53300000.00;TRUE;154;4;115800000.00;;FALSE;
48;1;"0319.124-36/10";23/09/2010;;23/09/2010;23/03/2033;1;128;"Empréstimo no valor de R$ 58.200.000,00 sob a forma de financiamento concedido pela CAIXA, lastreado em recursos do FGTS, repassados pelo AGENTE OPERADOR à CAIXA, equivalente a 95% do valor do investimento de R$ 61.263.157,89, nas condições estabelecidas no PROGRAMA PRÓ-TRANSPORTE, observadas as condições estabelecidas no CONTRATO.";"Fundo de Participação do Município - FPM.";58200000.00;3063157.89;TRUE;155;4;61263157.89;;FALSE;
52;1;"0319.128-74/10";23/09/2010;;23/09/2010;23/02/2033;1;128;"Empréstimo no valor de R$ 18.500.000,00 sob a forma de financiamento concedido pela CAIXA, lastreado em recursos do FGTS, repassados pelo AGENTE OPERADOR à CAIXA, equivalente a 95% do valor do investimento de R$ 19.473.684,21, nas condições estabelecidas no Programa Pró-Transporte, observadas as condições estabelecidas no contrato.";"Fundo de Participação do Município - FPM.";18500000.00;973684.21;TRUE;158;4;19473684.21;;FALSE;
53;1;"0319.130-15/10";23/09/2010;;23/09/2010;23/03/2032;1;128;"Empréstimo no valor de R$ 12.000.000,00 sob a forma de financiamento concedido pela CAIXA, lastreado em recursos do FGTS, repassados pelo AGENTE OPERADOR à CAIXA, equivalente a 9% do valor do investimento de R$ 12.631.578,95, nas condições estabelecidas no Programa Pró-Transporte, observadas as condições estabelecidas no contrato.";;12000000.00;631578.95;TRUE;159;4;12631578.95;;FALSE;
55;1;"0319.639-54/10";02/09/2010;;02/09/2010;07/01/2033;1;117;"Empréstimo no valor de R$ 10.000.000,00 sob a forma de financiamento concedido pela CAIXA, lastreado em recursos do FGTS, repassados pelo AGENTE OPERADOR à CAIXA, equivalente a 95% do valor do investimento de R$ 10.526.315,79, nas condições estabelecidas no Programa Pró-Transporte, observadas as condições estabelecidas no contrato.";"Fundo de Participação do Estado - FPE.";10000000.00;526315.79;TRUE;160;4;10526315.79;;FALSE;
57;1;"0319.701-29/10";02/09/2010;;02/09/2010;07/04/2033;1;117;"Empréstimo no valor de R$ 36.500.000,00 sob a forma de financiamento concedido pela CAIXA, lastreado em recursos do FGTS, repassados pelo AGENTE OPERADOR à CAIXA, equivalente a 95% do valor do investimento de R$ 38.421.052,63, nas condições estabelecidas no Programa Pró-Transporte, observadas as condições estabelecidas no contrato.";;36500000.00;1921052.63;TRUE;162;4;38421052.63;;FALSE;
58;1;"0319.315-44/11";20/05/2011;;20/05/2011;23/10/2033;1;130;"Empréstimo no valor de R$ 331.000.000,00 sob a forma de financiamento concedido pela CAIXA, lastreado em recursos do FGTS, repassados pelo AGENTE OPERADOR à CAIXA, equivalente a 76,41% do valor do investimento de R$ 433.202.973,73, nas condições estabelecidas no Programa Pró-Transporte, observadas as condições estabelecidas no contrato.";"Fundo de Participação do Município - FPM.";331000000.00;102202973.73;TRUE;208;4;433202973.73;;FALSE;
60;1;"0364.665-28/12";26/06/2012;;26/06/2012;20/09/2033;1;131;"Empréstimo no valor de R$ 141.700.000,00 (Cento e quarenta e um milhões e setecentos mil reais), sob a forma de financiamento concedido pela CAIXA, lastreado em recursos do FGTS, repassados pelo AGENTE OPERADOR à CAIXA, equivalente a 93,47% (noventa e três vírgula quarenta e sete por cento), do valor do investimento de R$ 151.600.000,00 (cento e cinquenta e um milhões e seiscentos mil reais), nas condições estabelecidas no Programa Pró -Transporte";;141700000.00;9900000.00;TRUE;201;4;151600000.00;;FALSE;
61;1;"0364.021-34/12";18/06/2012;;18/06/2012;04/07/2043;1;110;"Implantação dos corretores VLT CPA/Aeroporto e Coxipó/Centro.";;423700000.00;837920000.00;TRUE;152;4;1261620000.00;;FALSE;
62;1;"10.2.1734.1";29/12/2010;;29/12/2010;15/01/2026;2;109;"Contrato de financiamento com o BNDES no valor de R$ 400.000.000,00, divido em dois subcréditos:
• Subcrédito A de R$ 11.550.000,00 destinado à elaboração do projeto executivo da Arena Amazônia;
• Subcrédito B de R$ 388.450.000,00, destinado à construção da Arena Amazônia.";;400000000.00;133333333.00;TRUE;5;4;533333333.00;;FALSE;
63;1;"10.2.1880.1";27/12/2010;;27/12/2010;15/01/2031;2;126;"Implantação da infraestrutura necessária à operação do Sistema BRT (Bus Rapid Transit) Transcarioca, projetado para realizar a ligação entre o Aeroporto Internacional Antonio Carlos Jobim na Ilha do Governador e o Terminal Alvorada na Barra da Tijuca.";"Recursos do FPM e das Transferências do ICMS.";1179000000.00;403280000.00;TRUE;204;4;1582280000.00;;FALSE;
70;1;"0319.126-56";23/09/2010;"0319.126-56";23/09/2010;23/11/2032;1;128;"Requalificação da região da Rodoferroviaria, bem como do prédio possibilitando a melhoria na articulação dos acessos ao equipamento com o sistema viário existente.";"Vinculação da receita Estado/Município";35000000.00;14595187.54;TRUE;157;4;49595187.54;;FALSE;
81;1;"12.2.0852.1";13/11/2012;"3618689";13/11/2012;15/11/2027;2;117;"Viabilizar a reforma e ampliação do Estádio Joaquim Américo Guimarães, localizado no município de Curitiba -PR, para torná-lo apto a sediar os jogos da Copa do Mundo FIFA 2014.";"Vinculação em caráter irrevogável e irretratável de parcelas ou quotas-parte do Fundo de Participação dos Estados e do Distrito Federal - FPE e do produto de arrecadação  do Imposto sobre Produtos Industrializados Proporcional às Exportações - IPI-Exportação, destinadas ao Beneficiário ou de outros recursos que com idêntica finalidade venham substituí-los.";131168000.00;0.00;TRUE;145;4;131168000.00;;FALSE;
84;1;"183201210855723";08/02/2013;"B300001501/001";08/02/2013;08/02/2022;106;10837;"Implantação do HOTEL VILLA PARK, contemplando construções civis, capital de giro associado, estudos e projetos, máquinas/equipamentos, móveis/utensílios e verba para treinamento de pessoal.
O empreendimento está em fase de conclusão.";"Aval, Fundo de Liquidez e Hipoteca.";4728622.50;1828192.50;TRUE;415;4;6556815.00;;FALSE;
85;1;"19220102252032";04/06/2010;"b000012501/001";04/06/2010;04/06/2022;106;254;"O financiamento visa modernizar as instalaçõesde 3  (três) empreendimentos hoteleiros  (Atlante Plaza, Mar Hotel e Summerville  - Grupo Pontes e 1 (uma) lavanderia industrial, para atendimento aos 3 hotéis).";"Aval e Hipoteca";2394887.42;1030540.69;TRUE;419;4;3425428.11;;FALSE;
86;1;"15220102091965";12/05/2010;"B000010001/001";12/05/2010;12/05/2024;106;10838;"Implantação da Parajuru Empreendimentos Turisticos Hoteleiros Ltda (Holiday Inn Parajuru Resort), contemplando construções civis, móveis/utensílios, elaboração de projetos, aquisição de software, instalações, máquinas/equipamentos, capital de giro, veículos/embarcações e outras despesas de implantação. O empreendimento totalizará uma área construída de 10.958,02m², dividida em 122 apartamentos.";"Alienação fiduciária, Aval, Fundo de Liquidez e Hipoteca e Vinculação de outros direitos creditórios.";28777714.93;5098420.28;TRUE;417;4;33876135.21;;FALSE;
87;1;"44201164386386";03/04/2012;"B200001701/001";03/04/2012;03/04/2027;106;10843;"Financiamento destinado à ampliação do Enotel, contemplando obras de construções civis, máquinas e equipamentos nacionais, móveis e utensílios.";"Aval, fundo de liquidez, hipoteca e vinculação de outros direitos creditórios";136000000.00;38285811.26;TRUE;422;4;174285811.26;;FALSE;
88;1;"9020122662740";26/04/2012;"B200006301/001";26/04/2012;26/04/2024;106;10845;"Financiamento  no valor de R$ 2.139.997,61, para construção de um prédio anexo visando a ampliação do Hotel Malibu Plaza, totalizando 101 UH's.";"Aval, Fundo de Liquidez e Hipoteca.";2139997.61;519391.83;TRUE;425;4;2659389.44;;FALSE;
89;1;"18120121441668";31/05/2012;"B200002301/001";31/05/2012;31/05/2023;106;10846;"Financiamento para modernização e completa reformulação das 60 UH's existentes e ampliação da capacidade instalada para 65 UH's.";"Alienação fiduciária, aval, fundo de liquidez e hipoteca.";2194000.00;286862.43;TRUE;427;4;2480862.43;;FALSE;
90;1;"14220123392127";29/06/2012;"B200003601/001";29/06/2012;29/06/2024;106;10847;"Construção de um hotel com nome de fantasia "Mais Hotel", com padrão 4 estrêlas. composto por 155 UH's, contemplando construções civis, estudos e projetos, instalações, máquinas/equipamentos nacionais, móveis/utensílios e outras inversões, com previsão para entrada em funcionamento até junho 2013.";"Aval, fundo de liquidez, hipoteca";8380000.00;4872859.18;TRUE;428;4;13252859.18;;FALSE;
91;1;"Escritura Publica lavrada em 28/12/10";28/12/2010;"B000013701/001";17/12/2010;17/12/2020;106;10840;"Financiamento do empreendimento hoteleiro localizado em Salvador-BA, com 304 UH's, contemplando obras de construções civis, instalações e máquinas/equipamentos nacionais.";"Fundo de Liquidez, Fiança Bancária e Hipoteca.";5586341.25;985824.92;TRUE;430;4;6572166.17;;FALSE;
92;1;"7620116562445";20/03/2012;"B200002501/001";20/03/2012;20/03/2020;106;10844;"O projeto tem por objetivo ampliação da empresa Aymara Hotel Fazenda Ltda-ME, que atua como hotel voltado ao ecoturismo 56 UH's, contemplando obras de construções civis, máquinas/equipamentos nacionais, móveis/utensílios, outras inversões, estudos e projetos e capital de giro. O projeto prevê também a aquisição de um gerador para suprir eventuais faltas de energia.";"Aval, Hipoteca.";1450000.00;127563.28;TRUE;424;4;1577563.28;;FALSE;
93;1;"142201127232053";06/01/2012;"B200000701/001";06/01/2012;06/01/2021;106;10862;"O projeto prevê a reforma completa da Pousada Casa de Praia, modernizando totalmente o empreendimento com substituição de pisos, paredes, louças, metais, instalações elétricas, telefônicas, sistema de aquecimento  solar de água, dentre outros.
Investimento total  no valor de R$ 914.940,14, sendo R$ 823.446,27com recursos do FNE-MPE-TURISMO e R$ 91.493,87 com recursos próprios.";"Aval e Hipoteca.";823446.27;91493.87;TRUE;434;4;914940.14;;FALSE;
94;1;"Escritura Publica lavrada em 22/03/11";22/03/2011;"B100003201/001";22/03/2011;22/03/2031;106;10859;"Investimento para implantação do Hotel Canariu's de Gravatá, contemplando construções civis (R$ 23.016.613,97), móveis e utensílios (R$ 4.199.918,97), instalações m(R$ 2.387.039,60) obras preliminares (R$ 1.327.744,54), máquinas e equipamentos nacionais (R$ 808.463,38), veículos (R$ 156.500,00), treinamento de pessoal (R$ 80.300,00) , estudos e proejtos (R$ 50,000,00) e  capital de giro adicional no valor de R$ 395.717,00, totalizando R$ 32.422.297,46, deos quais o BNB apoiará, através do FNE-PROATUR com R$ 25.763.294,20 e R$ 6.659.003,26 com recursos próprios.";"Fundo de Liquidez, Fiança Bancária, Fiança Corporativa e Hipoteca";25763294.20;6659003.26;TRUE;435;4;32422297.46;;FALSE;
95;1;"15220128203395";20/12/2012;"B200018901/001";20/12/2012;20/12/2030;106;10860;"Investimento para implantação do Magna Diniz Hotel e Turismo Ltda - Beach Premium Hotel, categoria 4 estrelas, contemplando construções civis, instalações, máquinas e equipamentos nacionais, móveis e utensílios, capial de giro e elaboração de estudos e projetos.";"Alienação Fiduciária, Aval Corporativo, Fundo de Liquidez, Hipoteca e Vinculação de Outros Direitos Creditórios.";29894962.79;10122928.12;TRUE;436;4;40017890.91;;FALSE;
96;1;"18920118671916";13/12/2011;"B100017401/001";13/12/2011;13/12/2021;106;10861;"Implantação da empresa Dunas da Taíba Pousada e Eventos Ltda-ME, com nome de fantasia Pousada Dunas da Taíba, contemplando a reforma do empreendimento, aquisição de móveis e utensílios, capital de giro e elaboração do projeto.
A empresa aplicou corretamente os recursos e está em pleno funcionamento.";"Aval, Fundo de Liquidez e Hipoteca.";200000.00;0.00;TRUE;437;4;200000.00;;FALSE;
97;1;"183201217495690";28/12/2012;"B200026501/001";28/12/2012;28/12/2022;106;10788;"Ampliação e modernização da Pousada Recanto do Lobo, contemplando construção civil de 48 UH's, máquinas e equipamentos, móveis, utensílios e veículos.";"Alienação Fiduciária, Aval, Fundo de Liquidez e Hipoteca";3006078.18;158214.65;TRUE;454;4;3164292.83;;FALSE;
98;1;"12.2.1216.1";18/12/2012;;18/12/2012;15/01/2023;2;10867;"Construção de Hotel da Rede Hyatt na Barra da Tijuca.";;298480000.00;222939000.00;TRUE;409;4;521419000.00;;FALSE;
99;1;"12.2.1322.1";19/12/2012;;19/12/2012;15/01/2023;2;10868;"Implantação de hotel de padrão upscale na Barra da Tijuca, Município do Rio de Janeiro – RJ.";;118500000.00;48427000.00;TRUE;403;4;166927000.00;;FALSE;
100;1;"44201164036268";27/12/2011;"B100018201/001";27/12/2011;27/12/2026;106;139;"Captação de recursos financeiros para implantação e futura exploração (concessão) de uma Arena Multiuso com capacidade para 46 mil espectadores, visando principalmente a Copa do Mundo de Futebol de 2014.";"Fundo de Liquidez, Penhor de Títulos/Ações, Vinculação Outros Direitos Creditórios.";250000000.00;27779000.00;TRUE;7;4;277779000.00;;FALSE;
101;1;"Contrato de Abertura de Crédito de 30/12/10";30/12/2010;"B000013101/001";30/12/2010;28/12/2025;106;236;"O projeto prevê a construção de um estádio com três aneis de arquibancadas e dez níveis de pavimentos, com capacidade para 50.000 lugares e 2.000 vagas de estacionamento, com recursos do FNE-PROATUR.";"Funde de Liquidez, Vinculação de Outros Direitos Creditórios.";250000232.81;546738210.87;TRUE;141;4;796738443.68;;FALSE;
102;1;"15220116052711";09/06/2011;"B100011801/001";09/06/2011;09/06/2017;106;10841;"Projeto de investimento no valor total de R$ 2.529.318,85, sendo R$ 1.749.307,84 financiados com rcursos do FNE-PROATUR e R$ 780.011,01 com recursos próprios, para modernização  do Hotel Oceani Resort contemplando a reforma de 44 UH's, construção de depósito e obras no estacionamento.";"Aval, Fundo de Liquidez e Hipoteca.";1749307.84;780011.01;TRUE;456;4;2529318.85;;FALSE;
103;1;"46201014681584";12/01/2011;"B100000201/001";12/01/2011;12/01/2023;106;11663;"Financiamento para implantação do "Albergue Rio Vermelho", contemplando obras de construção civil, aquisição de equipamentos, de mobiliário, utensílios de cozinha e parte de capital de giro.";"Hipoteca";177189.18;19685.71;TRUE;458;4;196874.89;;FALSE;
104;1;"2122010938430";09/02/2011;"B100001101/001";09/02/2011;09/02/2018;106;11665;"Financiamento para construção de mais 15 UH's, acrescidas do mobiliário, máquina e equipamento, além da construção de um salão para eventos, piscina além de investimentos que contemplam Construção Civil, Máquinas e Equipamentos, Instalações, Estudos e Projetos, Móveis e Utensílios e Capital de Giro. O Hotel já possui 77 UH's e após o financiamento contará com um total de 92 UH's.";"Aval e Hipoteca";900724.44;120080.49;TRUE;459;4;1020804.93;;FALSE;
105;1;"212201254901815";14/12/2012;"B200018501/001";14/12/2012;14/12/2019;106;11666;"Ampliação das atuais instalações da Pousada Agua Viva, visando o aumento da capacidade de atendimento e acomodação da empresa, contemplando obras de construção civil e assistência técnica.";"Aval e Hipoteca.";154000.00;9906.69;TRUE;460;4;163906.69;;FALSE;
106;1;"18120122711736";17/08/2012;"B200008401/001";17/08/2012;17/08/2021;106;11667;"Implantação de um Hostel (Albergue) com 30 leitos, contemplando contrução civil, estudos e projetos e móveis e utensílios e reforma do estabelecimento";"Aval, Fundo de liquidez (aplicação financeira) e Hipoteca.";262787.00;29696.75;TRUE;461;4;292483.75;;FALSE;
107;1;"1422012582132";05/06/2012;"B200003501/001";05/06/2012;05/06/2022;106;11668;"Realização de investimentos para ampliação da pousada de 06 para 18 quartos, contemplando obras civis, aquisição de equipamentos, móveis e utensílios, enxoval e taxa de elaboração do projeto.";"Aval e Hipoteca";595013.47;0.00;TRUE;462;4;595013.47;;FALSE;
108;1;"7620129542715";22/04/2013;"B300003101/001";22/04/2013;22/04/2018;106;11662;"Investimento para ampliação do Hotel Hannai Beach, contemplando construções civis, instalações e estudos e projetos. Existem atualmente 112 UH's, sendo 49 bangalôs e 63 apartamentos de luxo. Após a reforma o hotel contará com 133 UH's. 
O financiamento se dará através do FNE-PROATUR.";"Aval. Fundo de Liquidez em aplicação financeira e Hipoteca.";3470000.00;872650.78;TRUE;463;4;4342650.78;;FALSE;
109;1;"16201256277452";16/10/2012;"B200012001/001";16/10/2012;16/10/2019;106;11669;"Financiamento para ampliação e modernização da Pousada 031 contemplando construções civis, taxa de elaboração do projeto e móveis e utensílios.";"Aval, Fundo de Liquidez em aplicação financeira e Hipoteca";637083.77;70785.80;TRUE;464;4;707869.57;;FALSE;
110;1;"18620123172570";19/12/2012;"B200015401/001";19/12/2012;19/12/2020;106;11670;"Financiamento para implantação do Hotel Porto Belo, contemplando obras de construções civis, aquisição de móveis e utensílios, instalações, capital de giro e taxa de elaboração de projetos.";"Aval, Fundo de Liquidez em aplicação financeira e Hipoteca.";730657.97;141942.22;TRUE;465;4;872600.19;;FALSE;
111;1;"820128243194";05/06/2012;"B200004001/001";05/06/2012;05/06/2020;106;11671;"Financiamento para reforma e construção de mais 16 apartamentos da Pousada Refúgio do Rio Bonito, contemplando obras de construções civis, aquisição de software, instalações, máquinas/equipamentos e móveis/utensílios";"Aval e Hipoteca";898936.08;197502.88;TRUE;466;4;1096438.96;;FALSE;
112;1;"0319.131-29/10";23/09/2010;;23/09/2010;23/04/2032;1;128;"Empréstimo no valor de R$ 20.000.000,00 sob a forma de financiamento concedido pela CAIXA, lastreado em recursos do FGTS, repassados pelo AGENTE OPERADOR à CAIXA, equivalente a 95% do valor do investimento de R$ 21.052.631,58, nas condições estabelecidas no Programa Pró-Transporte, observadas as condições estabelecidas no contrato.";"Fundo de Participação do Município - FPM.";20000000.00;10100000.00;TRUE;468;4;30100000.00;;FALSE;
113;1;"12.2.1382.1";09/04/2013;"4004364.0001";09/04/2013;15/04/2028;2;11800;"Reforma e modernização do Estádio José Pinheiro Borda ("Complexo Beira-Rio"), no Município de Porto Alegre (RS), para utilização na Copa do Mundo FIFA de 2014, no âmbito do Programa BNDES  de Arenas para a Copa do Mundo  de 2014 - BNDES ProCopa Arenas.";"Fiança constituída pela Andrade Gutierrez, fiança constituída pelo BTG Pactual Holding SA, Cessão Fiduciária de Direitos Creditórios, Alienação Fiduciária de Ações da SPE e Alienação Fiduciária do Direito Real de Superfície";91700000.00;0.00;TRUE;147;4;91700000.00;;FALSE;
114;1;"18720133162753";07/05/2013;"B300003201/001";07/05/2013;07/05/2021;106;11870;"Financiamento para implantação do Sheraton da Bahia Hotel, contemplando obras de construção civil , estudos e projetos, instalações, máquinas/equipamentos nacionais, móveis/utensílios, capital de giro e outras inversões, com recursos do FNE-PROATUR.";"Aval, Fundo de Liquidez e Hipoteca.";43200000.00;17782918.84;TRUE;471;4;60982918.84;;FALSE;
115;1;"462013242125";15/04/2013;"B300004301/001";15/04/2013;15/04/2019;106;11874;"Financiamento com recursos do FNE-PROATUR, contemplando obras de construção civil, estudos e projetos, instalações, máquinas/equipamentos nacionais e móveis e utensílios.";"Aval, Fundo de Liquidez e Hipoteca.";1657681.89;200972.18;TRUE;472;4;1858654.07;;FALSE;
116;1;"0319162-00";20/12/2011;;20/12/2011;20/04/2034;1;123;"OBRAS VIARIAS PARA INTEGRACAO DO NOVO AEROPORTO, ARENA DAS DUNAS E SETOR HOTELEIRO VISANDO A COPA 2014 EM NATAL/RN";;293000000.00;45821050.00;TRUE;217;4;338821050.00;;FALSE;
117;1;"35.2013.2996.8834";06/05/2013;"B300009701/001";06/05/2013;06/05/2030;106;11930;"O projeto tem como objetivo a implantação de um hotel (HOTEL FORTTE DOS REIS), com 105 UH's, padrão 5 estrêlas localizado na Praia de Ponta Negra - Natal/RN, contemplando obras de construções civis, estudos e projetos, instalações, móveis/utensílios , máquinas/equipamentos nacionais, e outras inversões.";"Aval, Fundo de Liquidez e Hipoteca";18270603.90;5989671.97;TRUE;474;4;24260275.87;;FALSE;
118;1;"181.2013.28.1910";03/05/2013;"B3000002001/001";03/05/2013;03/05/2013;106;11952;"O projeto tem como objetivo a modernização do hotel, com ajustes nas instalações e aquisição de máquinas, equipamentos, móveis, utensílios e estudos e projetos.";"Aval, Fundo de Liquidez e Hipoteca";945796.94;107569.45;TRUE;475;4;1053366.39;;FALSE;
121;1;"18320135295908";26/06/2013;"B300011701/001";26/06/2013;26/06/2025;106;12298;"Financiamento com recursos do FNE-PROATUR, destinado a implantação do Hotel Arena View, com 216 UH's e moderno centro de convenções, contemplando obras de construções civis, estudos e projetos, máquinas/equipamentos, móveis/urtensílios e outras inversões,";"Aval, Fundo de Liquidez e Hipoteca.";13822374.29;16299203.58;TRUE;493;4;30121577.87;;FALSE;
122;1;"192201210523725";27/06/2013;"B300010101/001";27/06/2013;27/06/2019;106;12300;"Projeto para financiamento/implantação da Pousada Aconchego, com 32 UH's, contemplando obras de reforma e construção civil, máquinas/equipamentos, móveis/utensílios e capital de giro.";"Aval e Hipoteca";900000.00;271232.90;TRUE;494;4;1171232.90;;FALSE;
123;1;"0319.636-21/10";02/09/2010;;02/09/2010;02/03/2033;1;117;"Empréstimo no valor de R$ 42.300.000,00 sob a forma de financiamento concedido pela CAIXA, lastreado em recursos do FGTS, repassados pelo AGENTE OPERADOR à CAIXA, equivalente a 95% do valor do investimento de R$ 44.526.315,79 nas condições estabelecidas no PROGRAMA PRÓ-TRANSPORTE, observadas as condições do CONTRATO.";"Fundo de Participação do Estado - FPE.";42300000.00;2226315.79;TRUE;469;4;44526315.79;;FALSE;
124;1;"181.201351944";12/06/2013;"B300003501/001";12/06/2013;12/06/2022;106;12301;"Financiamento para implantação da Viver Bahia Pousada, com 10 UHs', mediante investimentos em construção civil, capital de giro, instalações, móveis/utensílios, estudos e projetos, aquisição e desenvolvimento de softwares.";"Aval e Hipoteca";287287.89;58429.00;TRUE;495;4;345716.89;;FALSE;
125;1;"21/00806-X";09/04/2013;"4004364-0002";09/04/2013;15/04/2028;12528;11800;"Contrato de Abertura de Crédito para financiamento mediante repasse contratado com o Banco Nacional de Desenvolvimento Econômico e Social ("Contrato de Repasse").

Reforma e modernização do Estádio José Pinheiro Borda (“Complexo Beira-Rio”), no Município de Porto Alegre (RS), para utilização na Copa do Mundo de 2014.";"Fiança constituída pela Andrade Gutierrez, fiança constituída pelo BTG Pactual Holding SA., Cessão Fiduciária de Direitos Creditórios, Alienação Fiduciária de Ações da SPE e Alienação Fiduciária do Direito Real de Superfície";91700000.00;0.00;TRUE;147;4;91700000.00;;FALSE;
126;1;"21/00806-X";09/04/2013;"4004364-0003";09/04/2013;15/04/2028;12529;11800;"Contrato de Abertura de Crédito para Financiamento mediante repasse contratado com o Banco Nacional de Desenvolvimento Econômico e Social ("Contrato de Repasse")

Reforma e modernização do Estádio José Pinheiro Borda (“Complexo Beira-Rio”), no Município de Porto Alegre (RS), para utilização na Copa do Mundo de 2014.";"Fiança constituída pela Andrade Gutierrez, fiança constituída pelo BTG Pactual Holding SA, Cessão Fiduciária de Direitos Creditórios, Alienação Fiduciária de Ações da SPE e Alienação Fiduciária do Direito Real de Superfície.";91700000.00;0.00;TRUE;147;4;91700000.00;;FALSE;
131;1;"0319.637-35/10";02/09/2010;;02/09/2010;02/03/2033;1;117;"Empréstimo no valor de 10 milhões de reais, sob a forma de financiamento concedido pela CAIXA, lastreado em recursos do FGTS, repassados pelo AGENTE OPERADOR à CAIXA, equivalente a 95% do valor do investimento de 10.526.315,79, nas condições estabelecidas no programa Pró-Transporte, observadas as condições estabelecidas no contrato.";;10000000.00;526315.79;TRUE;457;4;10526315.79;;FALSE;
132;1;"13.2.0370.1";14/05/2013;;14/05/2013;14/05/2023;2;12826;"Implantação de hotel padrão upscale na Barra da Tijuca.";;87093900.00;34917400.00;TRUE;524;4;122011300.00;;FALSE;
133;1;"10.2.1596.1";24/11/2010;;24/11/2010;15/12/2025;2;110;"Financiamento no valor global de R$ 392.952.860,00, dividido em dois subcréditos.
O subcrédito específico para o empreendimento/ação "Adequação Viária e Obras de Acessibilidade à Arena Multiuso Pantanal" (Subcrédito "A") é de R$ 55.052.498,00 (valor atualizado até o 3º Termo Aditivo). Somente este subcrédito está declarado neste empreendimento/ação.
O Subcrédito "B" é do empreendimento/ação "Construção da Arena Multiuso Pantanal".";"Vinculação em garantia de parcelas ou quotas-partes do Fundo de Participação dos Estados e do Distrito Federal - FPE, e do IPI-Exportação.";107558960.00;0.00;TRUE;153;4;107558960.00;;FALSE;
151;2;"TC Sesge 012/2011";19/12/2011;;19/12/2011;31/12/2012;327;363;"Aquisição de veículos especiais (Rádio comunicação, Inteligência, e Comando e Controle).";;1300000.00;0.00;TRUE;543;4;1300000.00;5;FALSE;
154;2;"TC Sesge 008/2011";22/11/2011;;22/11/2011;31/12/2011;327;361;"Ampliação dos servidores centrais da Polícia Federal com a finalidade de adequar a capacidade de processamento de dados às necessidades da Copa do Mundo de 2014.";;5881000.00;0.00;TRUE;544;4;5881000.00;5;FALSE;
157;2;"TC Sesge 003/2011";14/12/2011;;14/12/2011;31/12/2012;327;361;"Suporte aéreo para grandes eventos - treinamento do efetivo.";;38140480.00;0.00;TRUE;544;4;38140480.00;5;FALSE;
160;2;"TC Sesge 006/2011";17/11/2011;;17/11/2011;31/12/2012;327;361;"Desenvolvimento do Projeto de Capacitação em Segurança Cibernética.";;167716.80;0.00;TRUE;544;4;167716.80;5;FALSE;
161;2;"TC Sesge 015/2011";07/12/2011;;07/12/2011;03/09/2014;327;361;"Aquisição de barco impermeável semi-rígido.";;1490000.00;0.00;TRUE;544;4;1490000.00;5;FALSE;
163;2;"TC Sesge 016/2011";07/12/2011;;07/12/2011;30/03/2012;327;361;"Aquisição de coletes e placas balísticas.";;3694051.54;0.00;TRUE;544;4;3694051.54;5;FALSE;
168;2;"TC Sesge 017/2012";19/11/2012;;19/11/2012;31/12/2014;327;361;"Aquisiçao de Paiós Móveis para Armazenamento de Explosivos Primarios e Secundarios.";;2671089.33;0.00;TRUE;350;4;2671089.33;;FALSE;
170;2;"TC Sesge 007/2011";25/11/2011;;25/11/2011;31/12/2011;327;362;"Projeto Arena";"OBSERVAÇÃO: ESTE TERMO DE COOPERAÇÃO TÉCNICA ENCONTRA-SE CLASSIFICADO COMO SIGILOSO. ASSIM, A PRODUÇÃO, MANUSEIO, CONSULTA, TRANSMISSÃO, MANUTENÇÃO E GUARDA DOS DADOS OU INFORMAÇÕES SIGILOSOS, ABRANGIDOS POR ESTE TERMO, OBSERVARÃO MEDIDAS ESPECIAIS DE SEGURANÇA, CONSOANTE O DISPOSTO NO DECRETO Nº. 4.553, DE 27 DE DEZEMBRO DE 2002.";2400000.00;0.00;TRUE;551;4;2400000.00;5;FALSE;
171;2;"TC Sesge 017/2011";07/12/2011;;07/12/2011;30/03/2012;327;361;"Visa renovar a frota de veículos do Departamento de Polícia Federal mediante a aquisição de viaturas policiais descaracterizadas para uso nas atividades de policiamento ostensivo, investigação de dignitários.";;14232755.73;0.00;TRUE;544;4;14232755.73;5;FALSE;
172;2;"TC Sesge 018/2012";19/11/2012;;19/11/2012;31/12/2014;327;361;"Cooperação técnica para capacitar policiais federais em técnicas de Polícia Marítima para atuação nos Grandes Eventos.";;177362.00;0.00;TRUE;350;4;177362.00;5;FALSE;
173;2;"TC Sesge 018/2012";19/11/2012;;19/11/2012;31/12/2014;327;361;"Cooperação técnica para capacitar policiais federais em técnicas de Polícia Marítima para atuação nos Grandes Eventos.";;177362.00;0.00;TRUE;541;4;177362.00;5;FALSE;
175;2;"TC Sesge 007/2012";07/11/2012;;07/11/2012;31/12/2014;327;361;"Cooperação técnica entre a SESGE e o DPF, para elaboração do Plano de Capacitação em Identificação de Vítimas de Desastres (DVI) para Grandes Eventos, visando ao atendimento dos padrões internacionais de atuação, nos termos do Plano de Trabalho.";;298441.80;0.00;TRUE;541;4;298441.80;5;FALSE;
176;2;"TC Sesge 011/2012";19/11/2012;;19/11/2012;31/12/2014;327;361;"Capacitação de  policiais federais em técnicas operacionais de segurança de dignitários, devido à necessidade de padronização de procedimentos e preparação do efetivo para os Grandes Eventos. Termo de Cooperação Técnica entre a SESGE e DPF";;805938.45;0.00;TRUE;541;4;805938.45;5;FALSE;
177;2;"TC Sesge 012/2012";19/11/2012;;19/11/2012;31/12/2014;327;361;"Cooperação entre a SESGE e o DPF, para contratar a transposição de 10(dez) cursos para a modalidade de ensino a distância, devido à necessidede de capacitação dos servidores que atuarão na segurança dos Grandes Eventos.";;400000.00;0.00;TRUE;541;4;400000.00;5;FALSE;
178;2;"TC Sesge 013/2012";20/11/2012;;20/11/2012;31/12/2014;327;361;"Aquisição de viaturas visando à formação de comboios em segurança de dignitários considerando os Grandes
Eventos.";;7904000.00;0.00;TRUE;350;4;7904000.00;5;FALSE;
179;2;"TC Sesge 007/2013";24/04/2013;;24/04/2013;31/12/2013;327;361;"Aquisição de equipamentos tipo Estações de coleta biométrica/biográfica e periféricos.";;1390218.00;0.00;TRUE;350;4;1390218.00;5;FALSE;
180;2;"TC Sesge 004/2012";19/11/2012;;19/11/2012;31/12/2014;327;363;"Aquisição de 2 (dois) ônibus multimissão.";;859000.00;0.00;TRUE;350;4;859000.00;5;FALSE;
181;2;"TC Sesge 006/2012";24/05/2013;;24/05/2013;31/12/2013;327;10791;"Descentralização de crédito em decorrência de cooperação mútua entre a SESGE e a SENASP, para atender as necessidades na área de segurança pública, em aquisições de Materais de Campanha a serem utilizados pela Força Nacional de Segurança Pública/SENASP/MJ, nos Grandes Eventos";"Os interesses de reciprocidade entre a SESGE e a SENASP, que visam a estruturação e o reaparelhamento do Departamento da Força Nacional, de modo a viabilizar o emprego de seu efetivo, visa tambem estruturar o DFNSP com materais de camapanha para o emprego de seu efetivo nos grandes eventos.";0.00;0.00;TRUE;350;4;0.00;5;FALSE;
182;2;"TC Sesge 017/2013";24/05/2013;;24/05/2013;31/12/2013;327;362;"Implementar o Centro de Inteligência Nacional em Brasília/DF, e os Centros de Inteligência Regionais nas cidades-sede da Copa das Confederações FIFA 2013 e Copa do Mundo Fifa 2014.";;11000000.00;0.00;TRUE;350;4;11000000.00;5;FALSE;
183;2;"TC Sesge 018/2011";29/12/2011;;29/12/2011;29/12/2012;327;363;"Visa dotar a Polícia Rodoviária Federal com veículos de policiamento especializado e aquisição de coletes balísticos.";;23880200.00;0.00;TRUE;543;4;23880200.00;5;FALSE;
184;2;"TC Sesge 003/2012";01/11/2012;;01/11/2012;31/12/2014;327;363;"Aquisição de solução de armazenamento de dados e multiplexador para SAN (Storage Area Network) incluindo treinamento e garantia on site, para atender às necesisdades do DPRF, tendo em vista a realização dos Grandes Eventos.";;1741926.03;0.00;TRUE;350;4;1741926.03;5;FALSE;
185;1;"221.2013.980.454";26/08/2013;"2-221-B300003901-001";26/08/2013;26/08/2021;106;23736;"Ampliação do hotel Chalés Jangadas da Caponga com o incremento de 21 UH's, compreendendo construção civil, instalações, móveis, utensílios e capital de giro associado";"Aval, Hipoteca e Fundo de Liquidez (Aplicação financeira).";699509.35;13885.60;TRUE;579;4;713394.95;;FALSE;
186;1;"122.2013.1370.4927";10/09/2013;"2-122-B300007501-001";10/09/2013;10/09/2023;106;23734;"Implantação de empreendimento hoteleiro - Hotel Enseada de Boa Viagem - destinado ao turismo de negócios no Bairro de Boa Viagem - Recife - PE.";"Aval, Hipoteca do domínio útil e Fundo de Liquidez (Aplicação financeira).";5016028.79;607336.17;TRUE;580;4;5623364.96;;FALSE;
187;1;"35.2013.5920.10355";31/07/2013;"2-035-B300020301-001";31/07/2013;31/07/2023;106;23735;"Ampliação e modernização de hotel com o incremento de 54 UH's, compreendendo reforma de imóvel anexo ao hotel, aquisição de mobiliário e eletrodomésticos e capital de giro associado.";"Aval, Hipoteca e Fundo de Liquidez (Aplicação financeira).";2551286.16;283476.24;TRUE;581;4;2834762.40;;FALSE;
188;1;"76.2013.315.2795";07/10/2013;"2-076-B300007201-001";07/10/2013;07/10/2031;106;23824;"Implantação do Hotel FIT com 47 UH's, compreendendo Construção civil, Instalações, Máq./Equip., Móveis e utensílios e Capital de giro associado.";"Aval, Hipoteca.";5325217.14;675508.69;TRUE;582;4;6000725.83;;FALSE;
189;1;"13207101";11/07/2013;;11/07/2013;15/01/2024;2;11870;"Implantação de hotel de padrão econômico localizado no Aeroporto Internacional Antônio Carlos Jobim (Galeão), no Rio de Janeiro (RJ).";"Fiança Bancária.";27692000.00;12278000.00;TRUE;596;4;39970000.00;;FALSE;
190;1;"8.2013.5142.6633";29/11/2013;"2-008-B300009201-001";29/11/2013;29/11/2025;106;24029;"Implantação de uma pousada no municipio de BONITO-PE, compreendendo construção civil, móveis e equipamentos.";"Hipoteca";977514.37;253884.66;TRUE;597;4;1231399.03;;FALSE;
197;1;"90.2013.1773.3508";23/12/2013;"2-090-B300023801-001";23/12/2013;23/12/2025;106;24590;"Implantação de Hotel em Salvador-BA, com 48 UH's, compreendendo construção civil, máquinas, equipamento, móveis, utensílios, instalações e capital de giro associado.";"Aval, Hipoteca e Fundo de Liquidez (Aplicação financeira).";3502988.73;925747.18;TRUE;608;4;4428735.91;;FALSE;
198;1;"232.2013.311.82";30/12/2013;"2-232-B300006001-001";30/12/2013;30/12/2017;106;24593;"Modernização do Hotel Henrique Dias, em Recife-PE, compreendendo a aquisição de itens de construção civil (piso, portas e fechaduras), cadeiras e capital de giro associado";"Aval.";49440.35;0.00;TRUE;609;4;49440.35;;FALSE;
199;1;"232.2013.317.81";30/12/2013;"2-232-B300006101-001";30/12/2013;30/12/2032;106;24595;"Implantação de hotel com 42 UH's, em Recife-PE, contemplando aquisição de máquinas, equipamentos, móveis, serviços de instalação e capital de giro associado.";"Aval e Hipoteca.";649104.14;44383.18;TRUE;610;4;693487.32;;FALSE;
200;1;"192.2013.805.3864";27/12/2013;"2-192-B300017901-001";27/12/2013;27/12/2028;106;24596;"Implantação de hotel em Cabo de Santo Agostinho - PE, com 298 UH's, contemplando obras de construção civil, máquinas, equipamentos, móveis, utensílios e capital de giro associado.";"Fiança, Fiança Bancária e Fundo de Liquidez (aplicação financeira)";155403717.00;41782985.94;TRUE;611;4;197186702.94;;FALSE;
201;2;"TC Sesge 009/2011";23/11/2011;;23/11/2011;31/12/2011;327;361;"Capacitação de Policiais Federais Para Execução De Operações de Segurança de Dignitários.";;490372.59;0.00;TRUE;544;4;490372.59;;FALSE;
202;2;"TC Sesge 002/2011";17/11/2011;;17/11/2011;31/12/2011;327;361;"Capacitação de Policiais Federais para Operações com Armamento Não-Letal em Segurança em Dignitários.";;33490.62;0.00;TRUE;544;4;33490.62;5;FALSE;
204;1;"417.355-11";29/11/2013;"3998961";29/11/2013;15/06/2015;1;24769;"Construção de arena de futebol ("Arena") localizada no Bairro de Itaquera, Zona Leste do Município de São Paulo, apta a sediar partidas da Copa do Mundo FIFA de 2014 ("Projeto")  e a ser utilizada pelo CLUBE, no âmbito do Programa BNDES de Arenas para a Copa do Mundo  de 2014 - BNDES ProCopa Arenas (o "Financiamento")";"Atualizado em conformidade com o 1º Termo Aditivo

I -	Constituição de alienação fiduciária, em favor do AGENTE FINANCEIRO, sobre a totalidade das ações da BENEFICIÁRIA, já emitidas na presente data ou a serem emitidas a qualquer momento, durante todo o período do FINANCIAMENTO;

II -	Constituição de alienação fiduciária, em favor do AGENTE FINANCEIRO, sobre a totalidade das Quotas Seniores do FUNDO de titularidade da BENEFICIÁRIA, já emitidas na presente data ou a serem emitidas a qualquer momento, durante todo o período do FINANCIAMENTO;

III -	Celebração de contrato de administração de contas da BENEFICIÁRIA com o AGENTE FINANCEIRO; 

IV -	Celebração de contrato de administração de contas do FUNDO, entre o FUNDO, representado por sua ADMINISTRADORA, e o AGENTE FINANCEIRO;

V -	Constituição de conta reserva pelo FUNDO, por meio de instrumento específico a ser firmado entre o FUNDO e o AGENTE FINANCEIRO;

VI -	Notas promissórias a serem emitidas pela BENEFICIÁRIA em favor do AGENTE FINANCEIRO, representando a dívida contraída (“NOTA PROMISSÓRIA”);

VII -	Contrato de Suporte de Acionista e/ou Patrocinador (“CONTRATO DE SUPORTE”), a ser firmado entre OPI, Odebrecht S.A. (“ODB”), BENEFICIÁRIA, JEQUITIBÁ e o AGENTE FINANCEIRO, por meio do qual a OPI e ODB obrigam-se a aportar, ou fazer com que sejam aportados por terceiros, recursos necessários na BENEFICIÁRIA, nas hipóteses previstas no CONTRATO DE SUPORTE e de acordo com os termos e condições lá contidos;

VIII -	Constituição de alienação fiduciária, em favor do AGENTE FINANCEIRO, sobre o imóvel registrado perante o 9º Oficial de Registro de Imóveis de São Paulo-SP, sob n.º de matrícula 241.016, de propriedade do CLUBE, no Bairro do Tatuapé, no Município de São Paulo, o qual se encontra listado e descrito no Anexo I (“CONTRATO DE ALIENAÇÃO FIDUCIÁRIA DE IMÓVEL”); 

IX -	Constituição de hipoteca sobre o imóvel registrado perante o 9º Oficial de Registro de Imóveis de São Paulo-SP, sob n.º de matrícula 162.200, de propriedade do CLUBE, no Bairro do Tatuapé, no Município de São Paulo, o qual se encontra listado e descrito no Anexo II (“ESCRITURA DE HIPOTECA”);

X -	Constituição de alienação fiduciária, em favor do AGENTE FINANCEIRO, sobre a totalidade das Quotas Subordinadas Mezanino do FUNDO de titularidade da OPI, já emitidas na presente data ou a serem emitidas a qualquer momento, durante todo o período do FINANCIAMENTO;

XI -	Constituição de cessão fiduciária, em favor do AGENTE FINANCEIRO, sobre todos os rendimentos, resgates, amortizações, valores, bonificações, créditos e quaisquer outros direitos econômicos, que venham a ser recebidos, devidos ou, a qualquer título, distribuídos com relação às Quotas Subordinadas Juniores de titularidade do CLUBE no FUNDO (“CONTRATO DE CESSÃO FIDUCIÁRIA DOS DIREITOS RELATIVOS ÀS QUOTAS JUNIORES”); e

XII -	PROCURAÇÃO outorgada pelo CLUBE em favor do AGENTE FINANCEIRO, a ser renovada anualmente com vistas a resguardar o atendimento aos requisitos previstos na Instrução da CVM nº 472 e conforme modelo constante no Anexo VI, para que este tenha poderes específicos para, apenas e tão somente no caso de inadimplemento financeiro no âmbito do presente CONTRATO DE FINANCIAMENTO, e desde que transcorrido eventual período de cura previsto neste instrumento sem que tal inadimplemento financeiro tenha sido sanado, exercer o direito de voto conferido ao CLUBE na qualidade de quotista subordinado júnior do FUNDO, em quaisquer matérias desde que especificamente com vistas a viabilizar o pagamento do serviço da dívida no âmbito do FINANCIAMENTO, sendo certo que, uma vez sanado o inadimplemento financeiro, os direitos de voto voltarão automaticamente a ser exercidos em sua plenitude pelo CLUBE, na qualidade de quotista subordinado júnior do FUNDO.";400000000.00;0.00;TRUE;148;4;400000000.00;;FALSE;
205;2;"TC Sesge 001/2012";10/12/2012;;10/12/2012;31/12/2017;327;363;"Cessão de Espaço Físico.";;76162.60;0.00;TRUE;350;4;76162.60;5;FALSE;
206;1;"0385342-66";19/03/2013;;19/03/2013;19/08/2034;1;112;"Empréstimo no valor de R$12.100.000,00, sob a forma de financiamento concedido pela CAIXA, lastreado em recursos do FGTS, repassados pelo AGENTE OPERADOR à CAIXA, nas condiçoes estabelecidas no Programa Pró-Transporte, observadas as con diçoes estabelecidas neste contrato.";;12100000.00;60963549.57;TRUE;216;4;73063549.57;;FALSE;
218;2;"TC Sesge 022/2013";21/10/2013;;21/10/2013;31/12/2014;327;361;"Aquisição de Viaturas Blindadas com Características Especiais para o Comando de Operações Táticas";;3000000.00;0.00;TRUE;350;4;3000000.00;5;FALSE;
221;2;"TC Sesge 032/2013";10/10/2013;;10/10/2013;31/12/2013;327;361;"VIII Curso de Gerenciamento e Negociação em Crises";;157917.06;0.00;TRUE;541;4;157917.06;5;FALSE;
222;2;"TC Sesge 033/2013";23/10/2013;;23/10/2013;31/12/2013;327;361;"II Curso de Técnicas de Abordagem a Embarcações (Foz do Iguaçu/PR)";;230000.00;0.00;TRUE;541;4;230000.00;5;FALSE;
223;2;"TC Sesge 035/2013";14/11/2013;;14/11/2013;31/12/2013;327;24728;"Capacitação - elaboração, análise, fiscalização, acompanhamento e prestação de contas.";;13458.24;0.00;TRUE;541;4;13458.24;5;FALSE;
224;2;"Convênio 2012/774518";01/12/2012;;01/12/2012;31/12/2014;327;388;"Convênio entre a Secretaria Extraordinária de Segurança para Grandes Eventos e a Secretaria de Segurança Pública do Rio de Janeiro visando à aquisição de 17 (dezessete) equinos para utilização pelo efetivo do Regimento de Polícia Montada da Polícia Militar do Estado do Rio de Janeiro, considerando o desenvolvimento das atividades de segurança pública na cidade-sede do Rio de Janeiro, tendo em vista a realização dos Grandes Eventos.";;100000.00;13900.00;TRUE;350;4;113900.00;1;FALSE;
226;2;"SEP/003/2011";22/06/2011;;22/06/2011;31/08/2013;108;240;"Cooperação Técnico-Financeira para execução de obras no Porto do Recife de construção da fase 2 do terminal Marítimo de Passageiros e Urbanização do entorno do Terminal, conforme o Plano de Trabalho apresentado.";"Não há garantia explícita nos termo de compromisso assinado, bem como em seus termos aditivos.";21800000.00;0.00;TRUE;46;4;21800000.00;5;FALSE;
229;2;"Convênio 2012/778001";28/12/2012;;28/12/2012;30/06/2014;327;24984;"Capacitação dos servidores da segurança pública e defesa social que atuarão na segurança dos grandes eventos, por meio da utilização de gratificação por encargo de curso e do emprego das estruturas de ensino dos Estados-Sede.";;700000.00;36842.11;TRUE;541;4;736842.11;1;FALSE;
230;2;"Convênio 2012/777063";28/12/2012;;28/12/2012;30/06/2014;327;25057;"Apoio à capacitação dos servidores da segurança pública e defesa social que atuarão na segurança dos grandes eventos, por meio da utilização de gratificação por encargo de curso e do emprego das estruturas de ensino dos Estados-Sede.";;693709.00;36511.00;TRUE;541;4;730220.00;1;FALSE;
232;2;"Convênio 2012/777350";28/12/2012;;28/12/2012;30/06/2014;327;25063;"Capacitação dos servidores da segurança pública e defesa social que atuarão na segurança dos grandes eventos, por meio da utilização de gratificação por encargo de curso e do emprego das estruturas de esnsino dos Estados-Sede.";;743885.34;39151.86;TRUE;541;4;783037.20;1;FALSE;
233;2;"Convênio 2012/777137";28/12/2012;;28/12/2012;30/06/2014;327;110;"Capacitação dos servidores de segurança pública e defesa social que atuarão na segurança dos Grandes Eventos.";;663201.76;34905.36;TRUE;541;4;698107.12;1;FALSE;
234;1;"13.2.1090.1";19/12/2013;;19/12/2013;15/01/2024;2;25078;"Implantação de hotel no bairro do Leme, Município do Rio de Janeiro – RJ.";;29194000.00;36380000.00;TRUE;655;4;65574000.00;;FALSE;
235;1;"000050003435600";13/11/2013;;13/11/2013;15/11/2023;2;25076;"Implantação de hotel de padrão upscale, na Barra da Tijuca – RJ.";;102831000.00;60915000.00;TRUE;656;4;163746000.00;;FALSE;
236;1;"04540464631";20/07/2013;;20/07/2013;15/10/2020;2;25077;"Implantação de hotel de padrão budget em Porto Alegre, Rio Grande do Sul.";;22900000.00;13565440.00;TRUE;657;4;36465440.00;;FALSE;
237;2;"Convênio 2012/777587";28/12/2012;;28/12/2012;30/06/2014;327;388;"Fomentar o aperfeiçoamento e a especialização dos profissionais de segurança pública do Estado do Rio de Janeiro, por meio de ações de capacitação, contribuindo para uma prestação de serviço mais técnica e profissional, com vistas à atuação nos Grandes Eventos.";;1719540.00;191060.00;TRUE;541;4;1910600.00;1;FALSE;
238;2;"Covênio 2012/777058";28/12/2012;;28/12/2012;30/06/2014;327;25121;"Capacitação dos servidores de segurança pública e defesa social que atuarão na segurança dos Grandes Eventos.";;967222.74;107527.26;TRUE;541;4;1074750.00;1;FALSE;
239;2;"Convênio 2012/780466";28/12/2012;;28/12/2012;30/06/2014;327;25152;"Apoio à capacitação dos servidores da defesa civil e do corpo de bombeiros do Estado do Rio de Janeiro, que atuarão nos grandes eventos, por meio da utilização de gratificação por encargo de curso e do emprego das estruturas de ensino dos Estado-Sede.";;587549.16;65283.24;TRUE;541;4;652832.40;1;FALSE;
240;2;"Convênio 2012/777754";28/12/2012;;28/12/2012;30/06/2014;327;25193;"Capacitação dos operadores da segurança pública e corpo de bombeiros do Estado de São Paulo.";;558000.00;63000.00;TRUE;541;4;621000.00;1;FALSE;
241;2;"Convênio 2012/777729";28/12/2012;;28/12/2012;30/06/2014;327;25193;"Apoio à capacitação dos operadores da segurança pública e policiais militares do Estado de São Paulo.";;2120910.00;237600.00;TRUE;541;4;2358510.00;1;FALSE;
242;2;"Convênio 2012/777065";28/12/2012;;28/12/2012;30/06/2014;327;25204;"Apoio à capacitação dos servidores da segurança pública e defesa social.";;1104900.84;123179.16;TRUE;541;4;1228080.00;1;FALSE;
243;2;"Convênio 2011/759870";28/12/2011;;28/12/2011;28/12/2013;327;388;"Implementação do Centro Integrado de Comando e Controle da SESEG/RJ para 2014.";;16589330.05;1843258.89;TRUE;661;4;18432588.94;1;FALSE;
244;2;"Convênio 2012/777061";28/12/2012;;28/12/2012;30/06/2014;327;382;"Capacitação dos servidores de segurança pública e defesa social que atuarão na segurança dos Grandes Eventos.";;718272.00;79808.00;TRUE;541;4;798080.00;1;FALSE;
248;2;"Convênio 2012/777136";28/12/2012;;28/12/2012;30/06/2014;327;114;"Cooperação técnica e operacional entre a UNIÃO, por intermédio do Ministério da Justiça, por meio da SECRETARIA EXTRAORDINÁRIA DE SEGURANÇA PARA GRANDES EVENTOS – SESGE – e o ESTADO DA BAHIA, por meio da SECRETARIA DE ESTADO DA SEGURANÇA PÚBLICA, com vistas ao desenvolvimento das ações para a capacitação dos profissionais de segurança pública para atuação em grandes eventos, em especial na Copa do Mundo FIFA de 2014, por meio do estabelecimento de metas e transferência de recursos para custeio do pagamento de Gratificação por Encargo de Curso, relativas às atividades de ensino do Programa de Capacitação em Segurança para Grandes Eventos, parte integrante deste Convênio para todos os fins, em conformidade com o disposto no art. 116 da Lei nº 8.666, de 21 de junho de 1993, com o Decreto n.º 6.170, de 25 de julho de 2007, bem como a Portaria Interministerial n.º 507 MPOG/MF/CGU, de 24 de novembro de 2011, publicado no diário Oficial em 28 de novembro de 2011, e ainda com o Decreto 6.114, de 15 de maio de 2007.";;1387095.00;73005.00;TRUE;541;4;1460100.00;1;FALSE;
249;2;"TC Sesge 001/2011";10/11/2011;;10/11/2011;30/09/2012;327;361;"Integração de Base de Dados para a Copa do Mundo 2014";;12316725.50;0.00;TRUE;544;4;12316725.50;5;FALSE;
250;2;"TC Sesge 004/2011";14/12/2011;;14/12/2011;30/08/2012;327;361;"Capacitação de servidores em idiomas inglês e espanhol.";"OBS: RESCINDIDO.";0.00;0.00;TRUE;544;4;0.00;5;FALSE;
251;2;"TC Sesge 005/2011";14/12/2011;;14/12/2011;31/12/2012;327;361;"Contratação empresa para transposição para plataforma EAD de 10 (dez) cursos.";;400000.00;0.00;TRUE;544;4;400000.00;5;FALSE;
253;2;"TC Sesge 014/2011";14/12/2011;;14/12/2011;31/12/2012;327;361;"Implantação de Diretório Único para Integridade ,Segurança e Autenticação dos Acessos às Informações dos Sistemas Críticos à Atuação  da PF";;3501862.09;1445000.00;TRUE;544;4;4946862.09;5;FALSE;
254;2;"TC Sesge 010/2011";19/12/2011;;19/12/2011;31/12/2011;327;363;"Aquisição de aeronaves a serem  ultilizadas na  Segurança da Copa do Mundo 2014. Termo de Cooperação Técnica não executado.";;38627032.00;0.00;TRUE;543;4;38627032.00;5;FALSE;
255;2;"TC Sesge 010/2013";15/08/2013;;15/08/2013;31/12/2013;327;361;"Curso Especial Avançado para a Condução de Embarcação de Estado no Serviço Público na Navegação Costeira (EANC 2013)
Termo de Cooperação entre a SESGE, DPF e a Marinha do Brasil;
Tranferência do valor de R$ 31.920,00 (trinta e um mil e novecentos e vinte reais) para a Marinha do Brasil;
Tranferência do valor de R$ 344.883,00 (trezentos e quarenta e quatro mil oitocentos e oitenta e três reais) para o DPF, para realização do recrutamento de policiais para a cidade do Rio de Janeiro com pagamento de diárias e passagens.";;376803.00;0.00;TRUE;541;4;376803.00;5;FALSE;
256;2;"TC Sesge 002/2012";01/11/2012;;01/11/2012;31/12/2014;327;363;"Aquisição de 2 (dois) helicópteros monoturbina.
Termo de Cooperação Técnica rescindido.";;0.00;0.00;TRUE;350;4;0.00;5;FALSE;
257;2;"TC Sesge 001/2012";20/08/2012;;20/08/2012;31/12/2013;327;24727;"Aquisição de equipamentos de verificação não invasiva de cargas e veículos (scanners) para as unidades da RFB.

OBSERVAÇÃO: TERMO DE COOPERAÇAO RESCINDIDO, CONFORME ANEXO.";;0.00;0.00;TRUE;350;4;0.00;5;FALSE;
258;2;"TC Sesge 005/2012";19/11/2012;;19/11/2012;31/12/2014;327;363;"Implantação do Sistema "Alerta Brasil" do DPRF, por meio da contratação de projeto executivo, implantação de pontos de monitoramento de veículos e inteligência artificial, tendo em vista as atribuições do partícipe nos Grandes Eventos.

OBSERVAÇÃO: TERMO DE COOPERAÇÃO TÉCNICA RESCINDIDO, CONFORME ANEXO.";;0.00;0.00;TRUE;350;4;0.00;5;FALSE;
259;2;"TC Sesge 014/2012";19/11/2012;;19/11/2012;31/12/2014;327;361;"Aquisição de equipamentos táticos para o Comando de Operações Táticas, devido à necessidade de equipar o Grupo Tático, de forma a garantir ao seu efetivo condições de aplicar uma resposta adequada às situações de crise de alto risco que possam ocorrer durante a realização dos Grandes Eventos.";;0.00;0.00;TRUE;350;4;0.00;5;FALSE;
261;2;"TC Sesge 036/2013";16/12/2013;;16/12/2013;31/05/2014;327;10791;"Aquisição de ônibus, com características especiais, para atender no transporte de policiais mobilizados pelo Departamento da Força Nacional de Segurança Pública, em operações em todo o país.";;9000000.00;0.00;TRUE;350;4;9000000.00;5;FALSE;
262;2;"TC Sesge 028/2013";09/12/2013;;09/12/2013;31/08/2014;327;363;"Aquisição de equipamentos de rádio comunicação (fixos, móveis e portáteis), equipamentos eletroeletrôninicos (fontes de alimentação, conversores de tensão e outros), elementos irradiantes e outros materiais para telecomunicações.";;3700000.00;0.00;TRUE;350;4;3700000.00;5;FALSE;
